{"headline":"Aprende los fundamentos y técnicas avanzadas de CSS","version":4,"sections":{"module2":{"short":"Avanzado","blocks":{"u2pAdsvOX7":{"type":"html","html":"<p>El módulo de &quot;Técnicas Avanzadas de CSS&quot; te llevará más allá de los fundamentos y te proporcionará las habilidades necesarias para crear diseños web impresionantes y sofisticados. En este módulo, explorarás técnicas avanzadas de CSS que te permitirán agregar interactividad, animaciones y efectos visuales a tus sitios web.</p>\n<h3>Flexbox y Grid Layout</h3>\n<p>Una de las principales habilidades que adquirirás en este módulo es el dominio de Flexbox y Grid Layout. Estas son dos poderosas herramientas de diseño en CSS que te permiten crear diseños complejos y flexibles. Aprenderás cómo utilizar Flexbox para crear diseños fluidos y adaptables, y cómo utilizar Grid Layout para organizar y posicionar elementos en una cuadrícula. Estas técnicas revolucionarán la forma en que estructuras y alineas los elementos en tu página.</p>\n<h3>Animaciones CSS</h3>\n<p>Las animaciones CSS son una forma efectiva de hacer que tus sitios web cobren vida. En este módulo, aprenderás a utilizar la propiedad <code>@keyframes</code> para crear animaciones personalizadas. Descubrirás cómo controlar la duración, el retraso y la repetición de las animaciones, así como cómo aplicar transformaciones, transiciones y efectos de interpolación en tus animaciones. También explorarás cómo utilizar JavaScript para activar y controlar las animaciones CSS.</p>\n<h3>Transformaciones y Transiciones</h3>\n<p>Otra técnica clave en el módulo de Técnicas Avanzadas es el uso de transformaciones y transiciones. Aprenderás a transformar elementos mediante rotaciones, escalados, sesgados y traslaciones. Además, descubrirás cómo utilizar transiciones para crear efectos suaves y elegantes al cambiar propiedades CSS como el color, el tamaño y la posición. Estas técnicas te permitirán agregar interactividad y mejorar la experiencia del usuario en tu sitio web.</p>\n<h3>Filtros y Efectos Visuales</h3>\n<p>En este módulo, también explorarás los filtros y efectos visuales disponibles en CSS. Aprenderás cómo aplicar filtros de imagen para ajustar el brillo, el contraste, la saturación y otros atributos visuales de las imágenes. Descubrirás cómo utilizar efectos de sombra y desenfoque para dar profundidad y estilo a tus elementos. Estas técnicas te permitirán crear diseños visualmente impactantes y destacarte en el mundo del diseño web.</p>\n<h3>Práctica y Proyectos</h3>\n<p>Durante el módulo de Técnicas Avanzadas, tendrás la oportunidad de poner en práctica lo que aprendes mediante proyectos desafiantes. Estos proyectos te permitirán aplicar todas las técnicas avanzadas de CSS que adquieras y te ayudarán a desarrollar un portafolio impresionante. Además, contarás con ejercicios adicionales para practicar las diferentes técnicas y reforzar tus conocimientos.</p>\n<p>En conclusión, el módulo de &quot;Técnicas Avanzadas de CSS&quot; te brindará las habilidades necesarias para llevar tus diseños web al siguiente nivel. Con el dominio de Flexbox, Grid Layout, animaciones, transformaciones, transiciones, filtros y efectos visuales, podrás crear sitios web dinámicos y visualmente atractivos. Prepárate para impresionar a tus usuarios y marcar la diferencia con tus habilidades avanzadas de CSS.</p>","order":1},"RbRwSLk5cr":{"content":"El módulo de Técnicas Avanzadas te ha llevado al siguiente nivel en el diseño web. Aprendiste a utilizar herramientas poderosas como Flexbox y Grid Layout para crear diseños flexibles y adaptables. Además, exploraste las animaciones CSS, las transformaciones, transiciones y efectos visuales que agregan interactividad y atractivo visual a tus sitios web. Con estas técnicas avanzadas, puedes crear diseños impresionantes y cautivar a tus usuarios con experiencias dinámicas.","order":2,"title":"Conclusión - Técnicas Avanzadas","type":"highlight"}},"order":2,"slug":"avanzado","name":"Técnicas Avanzadas"},"module1":{"blocks":{"ifQaP9B0FU":{"content":"En conclusión, el módulo de Fundamentos de CSS te proporciona los conocimientos esenciales para comenzar a diseñar y estilizar tus páginas web. Aprendiste sobre la sintaxis y estructura básica de CSS, así como la forma de aplicar estilos a elementos HTML utilizando selectores, propiedades y valores. Con estos fundamentos sólidos, estás listo para avanzar hacia técnicas más avanzadas de CSS y desarrollar diseños web más sofisticados.","title":"Conclusión - Fundamentos de CSS","type":"highlight","order":2},"nlN96OfdaA":{"type":"html","html":"<p>El módulo de &quot;Fundamentos de CSS&quot; es la base fundamental para comprender y utilizar eficazmente el lenguaje de estilo en cascada (CSS) en el desarrollo web. En este módulo, aprenderás los conceptos básicos y las técnicas esenciales que te permitirán dar estilo y personalidad a tus sitios web.</p>\n<h3>Sintaxis y Estructura</h3>\n<p>En primer lugar, explorarás la sintaxis y estructura de CSS. Aprenderás cómo se seleccionan los elementos HTML utilizando selectores CSS y cómo aplicar estilos a esos elementos utilizando propiedades y valores. Comprenderás la importancia de la cascada y la especificidad en la resolución de conflictos cuando se aplican múltiples reglas de estilo a un elemento.</p>\n<h3>Selectores y Propiedades</h3>\n<p>En este módulo, profundizarás en los distintos tipos de selectores CSS disponibles y cómo se utilizan para apuntar a elementos específicos en una página web. Aprenderás sobre selectores de tipo, selectores de clase, selectores de ID, selectores descendentes, selectores de atributo y más. Además, explorarás las propiedades comunes de CSS que te permiten controlar aspectos como el color, el tamaño de fuente, el espaciado, los fondos, las bordes y las sombras.</p>\n<h3>Modelo de Caja y Diseño de Página</h3>\n<p>Otro aspecto clave del módulo de Fundamentos de CSS es comprender el modelo de caja y cómo afecta al diseño de la página. Aprenderás sobre la propiedad <code>box-sizing</code>, la cual determina cómo se calculan el ancho y el alto de un elemento, incluyendo el relleno y los bordes. También explorarás cómo controlar el posicionamiento de los elementos utilizando propiedades como <code>display</code>, <code>position</code> y <code>float</code>.</p>\n<h3>Diseño Responsivo y Media Queries</h3>\n<p>En la actualidad, es fundamental que los sitios web se vean bien en una variedad de dispositivos y tamaños de pantalla. En este módulo, te introducirás al diseño responsivo y aprenderás a utilizar las media queries para adaptar el diseño de tu sitio web a diferentes resoluciones de pantalla. Aprenderás cómo aplicar estilos específicos basados en el ancho de la pantalla y realizar ajustes para mejorar la experiencia del usuario en dispositivos móviles.</p>\n<h3>Práctica y Proyectos</h3>\n<p>A lo largo del módulo de Fundamentos de CSS, estarás desarrollando proyectos prácticos para aplicar los conceptos y técnicas aprendidos. Estos proyectos te ayudarán a fortalecer tus habilidades y adquirir experiencia en la creación de diseños atractivos y funcionales con CSS. Además, contarás con ejercicios interactivos y desafíos para poner a prueba tus conocimientos y mejorar tu dominio de los fundamentos de CSS.</p>\n<p>En resumen, el módulo de &quot;Fundamentos de CSS&quot; te proporcionará un sólido conocimiento base para aprovechar al máximo el potencial de CSS en el desarrollo web. A través de la comprensión de la sintaxis, selectores, propiedades y el modelo de caja, podrás crear diseños visualmente atractivos y estructurados. También te familiarizarás con el diseño responsivo y las media queries, lo que te permitirá adaptar tus sitios web a diferentes dispositivos y tamaños de pantalla. ¡Prepárate para dar los primeros pasos hacia convertirte en un experto en CSS!</p>","order":1}},"slug":"fundamentos","name":"Fundamentos de CSS","short":"Fundamentos","order":1},"quiz":{"order":6,"blocks":{"KW2CXtBYEs":{"order":1,"questions":{"que_h48bSeYPHC":{"order":1,"question":"¿Qué selector de CSS se utiliza para seleccionar elementos por su clase?","choices":{"cho_Fb6a6bq0iA":{"choice":"ID","correct":false,"order":1},"cho_eRIpOlkKcj":{"correct":true,"order":3,"choice":"Clase"},"cho_1fJU0e5vH3":{"correct":false,"order":2,"choice":"Etiqueta"}}},"que_O4yhMeDu8r":{"choices":{"cho_yh5KYOk1oh":{"correct":true,"choice":"Porcentajes (%)","order":2},"cho_xpB77JL3ho":{"choice":"Em (em)","correct":false,"order":3},"cho_2TzKiTW3SM":{"choice":"Pixels (px)","order":1,"correct":false}},"order":6,"question":"¿Cuál es la unidad de medida utilizada en el diseño responsivo para especificar el tamaño proporcionalmente?"},"que_k3nW8qnaME":{"choices":{"cho_3AJu6IfXM4":{"choice":"Modelo de Caja","correct":false,"order":2},"cho_nRwUEJJjQJ":{"choice":"Media Queries","order":3,"correct":false},"cho_kdscQVfFrF":{"choice":"Flexbox","order":1,"correct":true}},"question":"¿Cuál es una técnica avanzada de CSS para crear diseños flexibles y adaptables?","order":2},"que_YD9CpxoBzU":{"question":"¿Cuál de las siguientes técnicas de CSS se utiliza para crear diseños responsivos?","choices":{"cho_WC6lDGdNvn":{"choice":"Media Queries","correct":true,"order":3},"cho_tiN6PBKRhO":{"order":2,"correct":false,"choice":"Unidades Absolutas"},"cho_wT0PGHCzHy":{"order":1,"correct":false,"choice":"Grid Systems"}},"order":4},"que_lYHwmHMObS":{"choices":{"cho_cFbqJ15x1v":{"correct":false,"order":2,"choice":"Transiciones"},"cho_RoKyQqYI6l":{"correct":false,"order":1,"choice":"Transformaciones"},"cho_2p9UNaKj2b":{"choice":"Animaciones","correct":true,"order":3}},"question":"¿Qué propiedad de CSS se utiliza para animar elementos en una página web?","order":3},"que_ZmOnOltRjJ":{"question":"¿Cómo se puede hacer que una imagen sea responsiva en CSS?","choices":{"cho_8F0YqlRQok":{"choice":"Aplicando Transiciones","order":2,"correct":false},"cho_BpJUAERW93":{"choice":"Utilizando Flexbox","order":1,"correct":false},"cho_K2AloJ7aGa":{"correct":true,"choice":"Utilizando la etiqueta <picture> y el atributo srcset","order":3}},"order":5}},"type":"quiz"}},"name":"Prueba","short":"Prueba","slug":"quiz","headline":"Comprueba tus conocimientos respondiendo unas preguntas"},"wrapup":{"slug":"wrapup","short":"Resumen","headline":"Repasemos lo que acabamos de ver hasta ahora","order":5,"blocks":{"vJrdxNYbmY":{"type":"list","items":{"con_JOFncweBDG":{"content":"El módulo de Técnicas Avanzadas te ha llevado al siguiente nivel en el diseño web. Aprendiste a utilizar herramientas poderosas como Flexbox y Grid Layout para crear diseños flexibles y adaptables. Además, exploraste las animaciones CSS, las transformaciones, transiciones y efectos visuales que agregan interactividad y atractivo visual a tus sitios web. Con estas técnicas avanzadas, puedes crear diseños impresionantes y cautivar a tus usuarios con experiencias dinámicas.","order":2,"title":"Técnicas Avanzadas"},"con_xhOLEdu4hm":{"title":"Fundamentos de CSS","content":"En conclusión, el módulo de Fundamentos de CSS te proporciona los conocimientos esenciales para comenzar a diseñar y estilizar tus páginas web. Aprendiste sobre la sintaxis y estructura básica de CSS, así como la forma de aplicar estilos a elementos HTML utilizando selectores, propiedades y valores. Con estos fundamentos sólidos, estás listo para avanzar hacia técnicas más avanzadas de CSS y desarrollar diseños web más sofisticados.","order":1},"con_ppoM24QQAA":{"content":"El módulo de Diseño Responsivo es fundamental en el desarrollo web actual. Aprendiste a utilizar media queries y unidades relativas para crear diseños que se adaptan y se ven bien en diferentes dispositivos y tamaños de pantalla. También descubriste cómo hacer que las imágenes sean responsivas y optimizaste tus diseños para ofrecer una experiencia de usuario consistente en cualquier dispositivo. Con estas habilidades, estarás preparado para desarrollar sitios web modernos, accesibles y amigables para todos los usuarios.","order":3,"title":"Diseño Responsivo"}},"order":1}},"name":"Resumen"},"practice":{"blocks":{"OtLFNpZGfb":{"items":{"b9N0aH08pC":{"title":"Transformaciones y Transiciones","order":4,"content":"Crea una imagen en tu página y añade una transformación CSS para que rote 45 grados al pasar el cursor sobre ella. Añade también una transición para que el efecto sea suave y dure 0.5 segundos."},"nsx3e9ALWz":{"content":"Crea un botón con el texto 'Haz clic' y añade una animación CSS que haga que el botón cambie de color gradualmente durante 2 segundos al hacerle clic.","order":3,"title":"Animación CSS"},"AmeRn0lLF1":{"order":2,"content":"Crea un contenedor div con un ancho de 300px, un relleno (padding) de 20px y un borde sólido de 2px de color azul. Añade un párrafo dentro del contenedor con un margen inferior (margin-bottom) de 10px y un texto centrado.","title":"Modelo de Caja"},"3vJtrNcisy":{"title":"Imágenes Responsivas","order":6,"content":"Agrega una imagen a tu página y asegúrate de que sea responsiva utilizando la etiqueta <picture> y el atributo srcset para cargar diferentes tamaños de imagen según la resolución de la pantalla."},"oOrnqZs1GG":{"order":1,"title":"Selector de Clase","content":"Crea un archivo HTML con varios elementos <p> y aplica un estilo utilizando un selector de clase en CSS para darles un fondo de color verde y un tamaño de fuente de 18px."},"SB9yMeTpEw":{"content":"Crea un archivo HTML con una estructura básica y define una media query en CSS que aplique estilos diferentes cuando el ancho de la pantalla sea menor a 600px. Por ejemplo, cambia el color de fondo y el tamaño de fuente.","title":"Media Queries","order":5}},"type":"list","order":2},"UvanrEOThh":{"html":"<p>En esta lección, pondremos la teoría en práctica a través de actividades prácticas. Haga clic en los elementos a continuación para verificar cada ejercicio y desarrollar habilidades prácticas que lo ayudarán a tener éxito en el tema.</p>","type":"html","order":1}},"order":4,"short":"Práctica","slug":"practice","name":"Ejercicios Practicos","headline":"Pongamos en práctica tus conocimientos"},"module3":{"blocks":{"5ROPvW9rGC":{"type":"html","html":"<p>El módulo de &quot;Diseño Responsivo&quot; es fundamental en el desarrollo web actual, donde los usuarios acceden a sitios desde una amplia variedad de dispositivos y tamaños de pantalla. En este módulo, aprenderás cómo crear sitios web que se adapten y se vean bien en diferentes resoluciones y dispositivos.</p>\n<h3>Media Queries</h3>\n<p>El diseño responsivo se basa en el uso de media queries, una característica clave de CSS. Aprenderás a utilizar media queries para aplicar estilos específicos según el tamaño de la pantalla del dispositivo. Podrás definir reglas de estilo especializadas para dispositivos móviles, tabletas y pantallas de escritorio. Las media queries te permitirán ajustar el diseño, el tamaño de fuente, los márgenes y otros atributos para lograr una experiencia óptima en cada dispositivo.</p>\n<h3>Flexibilidad y Unidades Relativas</h3>\n<p>En el diseño responsivo, es esencial utilizar unidades relativas en lugar de unidades absolutas. Aprenderás a utilizar porcentajes, ems y rems para definir anchos, alturas, espaciados y otros atributos. Estas unidades relativas permiten que los elementos se escalen proporcionalmente según el tamaño de la pantalla y garantizan un diseño flexible y adaptable.</p>\n<h3>Diseño Fluidos y Grid Systems</h3>\n<p>Otra técnica importante en el diseño responsivo es la creación de diseños fluidos. Aprenderás a utilizar porcentajes y unidades relativas para especificar anchos y alturas de contenedores y elementos. Los diseños fluidos se expanden y contraen de manera proporcional a medida que cambia el tamaño de la pantalla, lo que garantiza que el contenido se muestre correctamente en diferentes dispositivos.</p>\n<p>También explorarás los grid systems, que te permiten crear diseños organizados y estructurados. Aprenderás a utilizar frameworks como Bootstrap o CSS Grid para establecer una cuadrícula flexible en la que puedas distribuir y alinear elementos de manera eficiente en diferentes dispositivos.</p>\n<h3>Imágenes Responsivas</h3>\n<p>En el diseño responsivo, las imágenes también deben adaptarse a diferentes resoluciones de pantalla. Aprenderás a utilizar la propiedad <code>max-width: 100%</code> y <code>height: auto</code> para asegurarte de que las imágenes se ajusten correctamente al ancho del contenedor sin perder su proporción. Además, descubrirás cómo utilizar la etiqueta <code>&lt;picture&gt;</code> y el atributo <code>srcset</code> para cargar imágenes de diferentes tamaños según la resolución de la pantalla.</p>\n<h3>Pruebas y Optimización</h3>\n<p>Finalmente, aprenderás sobre herramientas y técnicas para probar y optimizar tus diseños responsivos. Descubrirás cómo usar las herramientas de inspección del navegador para simular diferentes tamaños de pantalla y verificar que tu sitio web se vea correctamente en todos ellos. También explorarás técnicas de rendimiento, como la compresión de imágenes y la carga diferida, para garantizar que tu sitio tenga un rendimiento óptimo en todos los dispositivos.</p>\n<p>En resumen, el módulo de &quot;Diseño Responsivo&quot; te brindará las habilidades necesarias para crear sitios web que se ajusten y se vean bien en cualquier dispositivo. Aprenderás a utilizar media queries, unidades relativas, diseños fluidos, grid systems e imágenes responsivas para lograr una experiencia de usuario consistente y de alta calidad en todas las resoluciones de pantalla. Prepárate para desarrollar sitios web modernos y adaptativos que brinden una excelente experiencia a tus usuarios.</p>","order":1},"BwSzF9nQ8S":{"order":2,"title":"Conclusión - Diseño Responsivo","content":"El módulo de Diseño Responsivo es fundamental en el desarrollo web actual. Aprendiste a utilizar media queries y unidades relativas para crear diseños que se adaptan y se ven bien en diferentes dispositivos y tamaños de pantalla. También descubriste cómo hacer que las imágenes sean responsivas y optimizaste tus diseños para ofrecer una experiencia de usuario consistente en cualquier dispositivo. Con estas habilidades, estarás preparado para desarrollar sitios web modernos, accesibles y amigables para todos los usuarios.","type":"highlight"}},"order":3,"short":"Responsivo","name":"Diseño Responsivo","slug":"responsivo"}},"conclusion":{"content":"¡Felicitaciones por completar este curso! Has dado un paso importante para desbloquear todo tu potencial. Completar este curso no se trata solo de adquirir conocimientos; se trata de poner ese conocimiento en práctica y tener un impacto positivo en el mundo que te rodea.","title":"Conclusión"},"createdAt":"2023-06-29T20:10:45.081Z","coverImage":"https://pixabay.com/get/g7cea0df913ca4970a573a3d93dd4681d74cacea6c9adb3332ae209ab0e0ab1268552734205184d8339654e77fd20da40626e02974da64b41f9df33a26a078860_640.jpg","name":"CSS básico - intermedio","colorScheme":"orange","viewCount":0,"languageId":"es-ES","category":"Web Development","folderId":null,"overview":{"content":"Este curso de CSS básico a intermedio está diseñado para aquellos que deseen adquirir conocimientos sólidos sobre el lenguaje de estilo en cascada (CSS) utilizado para dar estilo y presentación a sitios web. En este curso, explorarás los conceptos básicos de CSS, como la sintaxis, selectores, propiedades y valores. A medida que avances, te sumergirás en técnicas más avanzadas, como el diseño responsivo, animaciones CSS y la creación de diseños complejos. El objetivo final del curso es brindarte las habilidades necesarias para crear sitios web visualmente atractivos y funcionales utilizando CSS.","title":"Descripción general"},"keywords":{"keyword1":"CSS","keyword3":"styling","keyword2":"web development","keyword4":"responsive design"},"id":"gRe1o5UK6RUfHIztFVoo"}